"No.","Time","Source","Destination","Protocol","Length","Info"
"763","8.364152000","IntelCor_7a:be:4c","Broadcast","802.11","110","Probe Request, SN=1436, FN=0, Flags=........C, SSID=NETIA-9E22D1"
"798","8.589641000","IntelCor_7a:be:4c","Broadcast","802.11","110","Probe Request, SN=1448, FN=0, Flags=........C, SSID=NETIA-9E22D1"
"1313","15.949488000","IntelCor_58:35:48","Broadcast","802.11","120","Probe Request, SN=229, FN=0, Flags=........C, SSID=Orange_Swiatlowod_79B8"
"2103","25.278273000","IntelCor_49:03:b3","Broadcast","802.11","114","Probe Request, SN=116, FN=0, Flags=........C, SSID=Orange_Swiatlowod_3F30"
"3271","41.626531000","MurataMa_a2:ad:8c","Broadcast","802.11","156","Probe Request, SN=985, FN=0, Flags=........C, SSID=pley"
"6141","78.355522000","IntelCor_7a:be:4c","Broadcast","802.11","110","Probe Request, SN=1631, FN=0, Flags=........C, SSID=NETIA-9E22D1"
"6854","83.728255000","IntelCor_58:35:48","Broadcast","802.11","120","Probe Request, SN=274, FN=0, Flags=........C, SSID=Orange_Swiatlowod_79B8"
"7294","87.849732000","Google_53:1a:74","Broadcast","802.11","92","Probe Request, SN=714, FN=0, Flags=........C, SSID=Orange_Swiatlowod_700A"
"7766","93.793543000","IntelCor_49:03:b3","Broadcast","802.11","114","Probe Request, SN=142, FN=0, Flags=........C, SSID=Orange_Swiatlowod_3F30"
"7901","95.065130000","MurataMa_a2:ad:8c","Broadcast","802.11","156","Probe Request, SN=1097, FN=0, Flags=........C, SSID=pley"
"10887","131.473904000","Google_60:bf:ba","Broadcast","802.11","92","Probe Request, SN=722, FN=0, Flags=........C, SSID=Orange_Swiatlowod_700A"
"12290","148.266228000","IntelCor_7a:be:4c","Broadcast","802.11","110","Probe Request, SN=1819, FN=0, Flags=........C, SSID=NETIA-9E22D1"
"13679","162.284359000","IntelCor_49:03:b3","Broadcast","802.11","114","Probe Request, SN=168, FN=0, Flags=........C, SSID=Orange_Swiatlowod_3F30"
"16133","190.547719000","MurataMa_a2:ad:8c","Broadcast","802.11","156","Probe Request, SN=1201, FN=0, Flags=........C, SSID=pley"
"16422","194.711738000","Google_a9:c0:c1","Broadcast","802.11","92","Probe Request, SN=838, FN=0, Flags=........C, SSID=Orange_Swiatlowod_700A"
"18267","217.795880000","IntelCor_7a:be:4c","Broadcast","802.11","110","Probe Request, SN=2002, FN=0, Flags=........C, SSID=NETIA-9E22D1"
"18299","218.002316000","IntelCor_7a:be:4c","Broadcast","802.11","110","Probe Request, SN=2013, FN=0, Flags=........C, SSID=NETIA-9E22D1"
"19320","230.798633000","IntelCor_49:03:b3","Broadcast","802.11","114","Probe Request, SN=194, FN=0, Flags=........C, SSID=Orange_Swiatlowod_3F30"
"24117","286.789589000","IntelCor_58:35:48","Broadcast","802.11","120","Probe Request, SN=403, FN=0, Flags=........C, SSID=Orange_Swiatlowod_79B8"
"24234","287.531884000","IntelCor_7a:be:4c","Broadcast","802.11","110","Probe Request, SN=2221, FN=0, Flags=........C, SSID=NETIA-9E22D1"
"24284","287.737242000","IntelCor_7a:be:4c","Broadcast","802.11","110","Probe Request, SN=2232, FN=0, Flags=........C, SSID=NETIA-9E22D1"
"25307","299.306018000","IntelCor_49:03:b3","Broadcast","802.11","114","Probe Request, SN=220, FN=0, Flags=........C, SSID=Orange_Swiatlowod_3F30"
"27315","323.101741000","IntelCor_49:03:b3","Broadcast","802.11","114","Probe Request, SN=246, FN=0, Flags=........C, SSID=Orange_Swiatlowod_3F30"
"28606","340.174077000","IntelCor_49:03:b3","Broadcast","802.11","114","Probe Request, SN=248, FN=0, Flags=........C, SSID=Orange_Swiatlowod_3F30"
"28626","340.471229000","IntelCor_49:03:b3","Broadcast","802.11","114","Probe Request, SN=250, FN=0, Flags=........C, SSID=Orange_Swiatlowod_3F30"
"29702","354.649687000","IntelCor_58:35:48","Broadcast","802.11","120","Probe Request, SN=453, FN=0, Flags=........C, SSID=Orange_Swiatlowod_79B8"
"30028","357.576258000","IntelCor_7a:be:4c","Broadcast","802.11","110","Probe Request, SN=2554, FN=0, Flags=........C, SSID=NETIA-9E22D1"
"30844","367.823084000","IntelCor_49:03:b3","Broadcast","802.11","114","Probe Request, SN=252, FN=0, Flags=........C, SSID=Orange_Swiatlowod_3F30"
"31570","377.783875000","IntelCor_49:03:b3","Broadcast","802.11","114","Probe Request, SN=278, FN=0, Flags=........C, SSID=Orange_Swiatlowod_3F30"
"35232","422.379510000","IntelCor_58:35:48","Broadcast","802.11","120","Probe Request, SN=500, FN=0, Flags=........C, SSID=Orange_Swiatlowod_79B8"
"35755","427.310764000","IntelCor_7a:be:4c","Broadcast","802.11","110","Probe Request, SN=2740, FN=0, Flags=........C, SSID=NETIA-9E22D1"
"36449","436.181109000","IntelCor_49:03:b3","Broadcast","802.11","114","Probe Request, SN=280, FN=0, Flags=........C, SSID=Orange_Swiatlowod_3F30"
"37277","447.007556000","IntelCor_49:03:b3","Broadcast","802.11","114","Probe Request, SN=306, FN=0, Flags=........C, SSID=Orange_Swiatlowod_3F30"
"41457","496.841215000","IntelCor_7a:be:4c","Broadcast","802.11","110","Probe Request, SN=2928, FN=0, Flags=........C, SSID=NETIA-9E22D1"
"41531","497.221006000","IntelCor_7a:be:4c","Broadcast","802.11","110","Probe Request, SN=2947, FN=0, Flags=........C, SSID=NETIA-9E22D1"
"42298","504.724254000","IntelCor_49:03:b3","Broadcast","802.11","114","Probe Request, SN=308, FN=0, Flags=........C, SSID=Orange_Swiatlowod_3F30"
"45410","538.113339000","Google_e5:60:bb","Broadcast","802.11","92","Probe Request, SN=904, FN=0, Flags=........C, SSID=Orange_Swiatlowod_700A"
"47442","566.588992000","IntelCor_7a:be:4c","Broadcast","802.11","110","Probe Request, SN=3108, FN=0, Flags=........C, SSID=NETIA-9E22D1"
"47497","566.801030000","IntelCor_7a:be:4c","Broadcast","802.11","110","Probe Request, SN=3125, FN=0, Flags=........C, SSID=NETIA-9E22D1"
"47950","573.202180000","IntelCor_49:03:b3","Broadcast","802.11","114","Probe Request, SN=334, FN=0, Flags=........C, SSID=Orange_Swiatlowod_3F30"
"50712","610.621466000","HuaweiTe_6c:c7:da","Broadcast","802.11","248","Probe Request, SN=2717, FN=0, Flags=........C, SSID=kotlet schabowy"
"52617","636.520531000","IntelCor_7a:be:4c","Broadcast","802.11","110","Probe Request, SN=3294, FN=0, Flags=........C, SSID=NETIA-9E22D1"
"53106","641.602204000","IntelCor_49:03:b3","Broadcast","802.11","114","Probe Request, SN=360, FN=0, Flags=........C, SSID=Orange_Swiatlowod_3F30"
"56823","693.302704000","IntelCor_58:35:48","Broadcast","802.11","120","Probe Request, SN=686, FN=0, Flags=........C, SSID=Orange_Swiatlowod_79B8"
"57933","710.086686000","IntelCor_49:03:b3","Broadcast","802.11","114","Probe Request, SN=386, FN=0, Flags=........C, SSID=Orange_Swiatlowod_3F30"
"63003","778.415455000","IntelCor_49:03:b3","Broadcast","802.11","114","Probe Request, SN=412, FN=0, Flags=........C, SSID=Orange_Swiatlowod_3F30"
"65108","807.000427000","SamsungE_b3:5d:f0","Broadcast","802.11","197","Probe Request, SN=3146, FN=0, Flags=........C, SSID=aro"
"67024","828.615610000","IntelCor_58:35:48","Broadcast","802.11","120","Probe Request, SN=780, FN=0, Flags=........C, SSID=Orange_Swiatlowod_79B8"
"68512","846.812416000","IntelCor_49:03:b3","Broadcast","802.11","114","Probe Request, SN=440, FN=0, Flags=........C, SSID=Orange_Swiatlowod_3F30"
"71687","890.456561000","Espressi_c5:af:92","Broadcast","802.11","123","Probe Request, SN=1106, FN=0, Flags=........C, SSID=Orange_Swiatlowod_79B8"
"73519","915.315102000","IntelCor_49:03:b3","Broadcast","802.11","114","Probe Request, SN=466, FN=0, Flags=........C, SSID=Orange_Swiatlowod_3F30"
"75601","942.213175000","Google_7b:d4:89","Broadcast","802.11","92","Probe Request, SN=1043, FN=0, Flags=........C, SSID=Orange_Swiatlowod_700A"
"77276","963.946572000","IntelCor_58:35:48","Broadcast","802.11","120","Probe Request, SN=868, FN=0, Flags=........C, SSID=Orange_Swiatlowod_79B8"
"78726","983.820387000","IntelCor_49:03:b3","Broadcast","802.11","114","Probe Request, SN=492, FN=0, Flags=........C, SSID=Orange_Swiatlowod_3F30"
"84446","1052.332710000","IntelCor_49:03:b3","Broadcast","802.11","114","Probe Request, SN=518, FN=0, Flags=........C, SSID=Orange_Swiatlowod_3F30"
"90272","1120.825871000","IntelCor_49:03:b3","Broadcast","802.11","114","Probe Request, SN=544, FN=0, Flags=........C, SSID=Orange_Swiatlowod_3F30"
"90623","1125.377692000","SonyMobi_b8:ac:ec","Broadcast","802.11","157","Probe Request, SN=948, FN=0, Flags=........C, SSID=Orange_Swiatlowod_5900_5GHz"
"90709","1126.231468000","SonyMobi_b8:ac:ec","Broadcast","802.11","157","Probe Request, SN=954, FN=0, Flags=........C, SSID=Orange_Swiatlowod_5900_5GHz"
"90735","1126.658392000","SonyMobi_b8:ac:ec","Broadcast","802.11","157","Probe Request, SN=956, FN=0, Flags=........C, SSID=Orange_Swiatlowod_5900_5GHz"
"92715","1150.196595000","IntelCor_49:03:b3","Broadcast","802.11","114","Probe Request, SN=570, FN=0, Flags=........C, SSID=Orange_Swiatlowod_3F30"
"97188","1206.018637000","IntelCor_49:03:b3","Broadcast","802.11","114","Probe Request, SN=572, FN=0, Flags=........C, SSID=Orange_Swiatlowod_3F30"
"102750","1274.461363000","IntelCor_49:03:b3","Broadcast","802.11","114","Probe Request, SN=598, FN=0, Flags=........C, SSID=Orange_Swiatlowod_3F30"
"108018","1343.530141000","IntelCor_49:03:b3","Broadcast","802.11","114","Probe Request, SN=626, FN=0, Flags=........C, SSID=Orange_Swiatlowod_3F30"
"110262","1370.625686000","IntelCor_58:35:48","Broadcast","802.11","120","Probe Request, SN=1168, FN=0, Flags=........C, SSID=Orange_Swiatlowod_79B8"
"114789","1412.082788000","IntelCor_49:03:b3","Broadcast","802.11","114","Probe Request, SN=652, FN=0, Flags=........C, SSID=Orange_Swiatlowod_3F30"
"132265","1480.576439000","IntelCor_49:03:b3","Broadcast","802.11","114","Probe Request, SN=680, FN=0, Flags=........C, SSID=Orange_Swiatlowod_3F30"
"138507","1549.074312000","IntelCor_49:03:b3","Broadcast","802.11","114","Probe Request, SN=706, FN=0, Flags=........C, SSID=Orange_Swiatlowod_3F30"
"140855","1573.993872000","IntelCor_58:35:48","Broadcast","802.11","120","Probe Request, SN=1429, FN=0, Flags=........C, SSID=Orange_Swiatlowod_79B8"
"144915","1617.590864000","IntelCor_49:03:b3","Broadcast","802.11","114","Probe Request, SN=732, FN=0, Flags=........C, SSID=Orange_Swiatlowod_3F30"
"146924","1641.704663000","IntelCor_58:35:48","Broadcast","802.11","120","Probe Request, SN=1479, FN=0, Flags=........C, SSID=Orange_Swiatlowod_79B8"
"150775","1686.213109000","IntelCor_49:03:b3","Broadcast","802.11","114","Probe Request, SN=758, FN=0, Flags=........C, SSID=Orange_Swiatlowod_3F30"
"150826","1686.590482000","Google_1d:fe:28","Broadcast","802.11","92","Probe Request, SN=1414, FN=0, Flags=........C, SSID=Orange_Swiatlowod_700A"
"158746","1777.072317000","IntelCor_58:35:48","Broadcast","802.11","120","Probe Request, SN=1588, FN=0, Flags=........C, SSID=Orange_Swiatlowod_79B8"
"169509","1912.777590000","IntelCor_58:35:48","Broadcast","802.11","120","Probe Request, SN=1694, FN=0, Flags=........C, SSID=Orange_Swiatlowod_79B8"
"176932","1980.731573000","IntelCor_58:35:48","Broadcast","802.11","120","Probe Request, SN=1746, FN=0, Flags=........C, SSID=Orange_Swiatlowod_79B8"
"189147","2048.229541000","IntelCor_58:35:48","Broadcast","802.11","120","Probe Request, SN=1791, FN=0, Flags=........C, SSID=Orange_Swiatlowod_79B8"
"192704","2058.852168000","Routerbo_44:34:48","Broadcast","802.11","81","Probe Request, SN=1, FN=0, Flags=........C, SSID=MZA_WLAN_RX"
"195772","2072.901294000","Routerbo_44:1e:33","Broadcast","802.11","77","Probe Request, SN=1, FN=0, Flags=........C, SSID=PWI_WRS"
"195773","2072.902455000","Routerbo_44:1e:33","Broadcast","802.11","77","Probe Request, SN=2, FN=0, Flags=........C, SSID=PWI_WRS"
"219143","2183.793121000","IntelCor_58:35:48","Broadcast","802.11","120","Probe Request, SN=1897, FN=0, Flags=........C, SSID=Orange_Swiatlowod_79B8"
"225653","2251.377548000","IntelCor_58:35:48","Broadcast","802.11","120","Probe Request, SN=1950, FN=0, Flags=........C, SSID=Orange_Swiatlowod_79B8"
"247065","2452.019112000","SamsungE_50:6c:03","Broadcast","802.11","189","Probe Request, SN=3701, FN=0, Flags=........C, SSID=i4i4jrj"
"316916","2687.373101000","14:9d:99:69:11:d8","Technico_51:16:25","802.11","137","Probe Request, SN=2200, FN=0, Flags=........C, SSID=2.4G-Vectra-WiFi-511620"
"321560","2710.522632000","Apple_bf:50:1b","Broadcast","802.11","198","Probe Request, SN=357, FN=0, Flags=........C, SSID=5G-Vectra-WiFi-511620"
"321561","2710.529762000","Apple_bf:50:1b","Broadcast","802.11","198","Probe Request, SN=358, FN=0, Flags=........C, SSID=5G-Vectra-WiFi-511620"
"321565","2710.578394000","Apple_bf:50:1b","Broadcast","802.11","198","Probe Request, SN=360, FN=0, Flags=........C, SSID=5G-Vectra-WiFi-511620"
"321568","2710.594570000","Apple_bf:50:1b","Broadcast","802.11","198","Probe Request, SN=361, FN=0, Flags=........C, SSID=5G-Vectra-WiFi-511620"
"329951","2772.768746000","SamsungE_53:27:ac","Broadcast","802.11","109","Probe Request, SN=3140, FN=0, Flags=........C, SSID=23244390"
"329952","2772.769817000","SamsungE_53:27:ac","Broadcast","802.11","109","Probe Request, SN=3141, FN=0, Flags=........C, SSID=23244390"
"329953","2772.770692000","SamsungE_53:27:ac","Broadcast","802.11","109","Probe Request, SN=3142, FN=0, Flags=........C, SSID=23244390"
"329954","2772.771574000","SamsungE_53:27:ac","Broadcast","802.11","109","Probe Request, SN=3143, FN=0, Flags=........C, SSID=23244390"
"329955","2772.772449000","SamsungE_53:27:ac","Broadcast","802.11","109","Probe Request, SN=3144, FN=0, Flags=........C, SSID=g5rqj2aj"
"329956","2772.773320000","SamsungE_53:27:ac","Broadcast","802.11","109","Probe Request, SN=3145, FN=0, Flags=........C, SSID=g5rqj2aj"
"329957","2772.774222000","SamsungE_53:27:ac","Broadcast","802.11","109","Probe Request, SN=3146, FN=0, Flags=........C, SSID=g5rqj2aj"
"329958","2772.775106000","SamsungE_53:27:ac","Broadcast","802.11","109","Probe Request, SN=3147, FN=0, Flags=........C, SSID=g5rqj2aj"
"329959","2772.775991000","SamsungE_53:27:ac","Broadcast","802.11","109","Probe Request, SN=3148, FN=0, Flags=........C, SSID=80135409"
"329960","2772.776885000","SamsungE_53:27:ac","Broadcast","802.11","109","Probe Request, SN=3149, FN=0, Flags=........C, SSID=80135409"
"329961","2772.778436000","SamsungE_53:27:ac","Broadcast","802.11","109","Probe Request, SN=3150, FN=0, Flags=........C, SSID=80135409"
"329962","2772.778756000","SamsungE_53:27:ac","Broadcast","802.11","109","Probe Request, SN=3151, FN=0, Flags=........C, SSID=80135409"
"329982","2772.898921000","SamsungE_53:27:ac","Broadcast","802.11","109","Probe Request, SN=3171, FN=0, Flags=........C, SSID=80135409"
"333076","2784.377035000","Google_63:50:91","Broadcast","802.11","92","Probe Request, SN=2729, FN=0, Flags=........C, SSID=Orange_Swiatlowod_700A"
"346640","2886.331094000","Apple_bf:50:1b","Broadcast","802.11","198","Probe Request, SN=1496, FN=0, Flags=........C, SSID=5G-Vectra-WiFi-511620"
"346642","2886.352818000","Apple_bf:50:1b","Broadcast","802.11","198","Probe Request, SN=1497, FN=0, Flags=........C, SSID=5G-Vectra-WiFi-511620"
"346653","2886.423702000","Apple_bf:50:1b","Broadcast","802.11","198","Probe Request, SN=1500, FN=0, Flags=........C, SSID=5G-Vectra-WiFi-511620"
"347472","2896.833155000","SamsungE_53:27:ac","Broadcast","802.11","109","Probe Request, SN=3406, FN=0, Flags=........C, SSID=g5rqj2aj"
"347473","2896.834915000","SamsungE_53:27:ac","Broadcast","802.11","109","Probe Request, SN=3408, FN=0, Flags=........C, SSID=80135409"
"347474","2896.835790000","SamsungE_53:27:ac","Broadcast","802.11","109","Probe Request, SN=3409, FN=0, Flags=........C, SSID=80135409"
"347475","2896.837562000","SamsungE_53:27:ac","Broadcast","802.11","109","Probe Request, SN=3411, FN=0, Flags=........C, SSID=80135409"
"354449","2964.700823000","IntelCor_7a:be:4c","Broadcast","802.11","110","Probe Request, SN=816, FN=0, Flags=........C, SSID=NETIA-9E22D1"
"354479","2964.902894000","IntelCor_7a:be:4c","Broadcast","802.11","110","Probe Request, SN=826, FN=0, Flags=........C, SSID=NETIA-9E22D1"
"354483","2964.920482000","IntelCor_7a:be:4c","Broadcast","802.11","110","Probe Request, SN=832, FN=0, Flags=........C, SSID=NETIA-9E22D1"
"362635","3021.010676000","Apple_bf:50:1b","Broadcast","802.11","198","Probe Request, SN=1545, FN=0, Flags=........C, SSID=5G-Vectra-WiFi-511620"
"362637","3021.010949000","Apple_bf:50:1b","Broadcast","802.11","198","Probe Request, SN=1546, FN=0, Flags=........C, SSID=5G-Vectra-WiFi-511620"
"362638","3021.037225000","Apple_bf:50:1b","Broadcast","802.11","198","Probe Request, SN=1548, FN=0, Flags=........C, SSID=5G-Vectra-WiFi-511620"
"362651","3021.064304000","Apple_bf:50:1b","Broadcast","802.11","198","Probe Request, SN=1549, FN=0, Flags=........C, SSID=5G-Vectra-WiFi-511620"
"362655","3021.087342000","Apple_bf:50:1b","Broadcast","802.11","198","Probe Request, SN=1550, FN=0, Flags=........C, SSID=5G-Vectra-WiFi-511620"
"367983","3034.258852000","IntelCor_7a:be:4c","Broadcast","802.11","110","Probe Request, SN=984, FN=0, Flags=........C, SSID=NETIA-9E22D1"
"368046","3034.463784000","IntelCor_7a:be:4c","Broadcast","802.11","110","Probe Request, SN=998, FN=0, Flags=........C, SSID=NETIA-9E22D1"
"371478","3071.764558000","Apple_bf:50:1b","Broadcast","802.11","198","Probe Request, SN=1571, FN=0, Flags=........C, SSID=5G-Vectra-WiFi-511620"
"371479","3071.784668000","Apple_bf:50:1b","Broadcast","802.11","198","Probe Request, SN=1572, FN=0, Flags=........C, SSID=5G-Vectra-WiFi-511620"
"371483","3071.827500000","Apple_bf:50:1b","Broadcast","802.11","198","Probe Request, SN=1574, FN=0, Flags=........C, SSID=5G-Vectra-WiFi-511620"
"371484","3071.854636000","Apple_bf:50:1b","Broadcast","802.11","198","Probe Request, SN=1575, FN=0, Flags=........C, SSID=5G-Vectra-WiFi-511620"
"371487","3071.877451000","Apple_bf:50:1b","Broadcast","802.11","198","Probe Request, SN=1576, FN=0, Flags=........C, SSID=5G-Vectra-WiFi-511620"
"375777","3104.004265000","IntelCor_7a:be:4c","Broadcast","802.11","110","Probe Request, SN=1159, FN=0, Flags=........C, SSID=NETIA-9E22D1"
"381755","3173.729983000","IntelCor_7a:be:4c","Broadcast","802.11","110","Probe Request, SN=1365, FN=0, Flags=........C, SSID=NETIA-9E22D1"
"381778","3173.935164000","IntelCor_7a:be:4c","Broadcast","802.11","110","Probe Request, SN=1376, FN=0, Flags=........C, SSID=NETIA-9E22D1"
"384802","3207.339664000","Apple_bf:50:1b","Broadcast","802.11","198","Probe Request, SN=1623, FN=0, Flags=........C, SSID=5G-Vectra-WiFi-511620"
"384803","3207.359403000","Apple_bf:50:1b","Broadcast","802.11","198","Probe Request, SN=1624, FN=0, Flags=........C, SSID=5G-Vectra-WiFi-511620"
"384805","3207.401740000","Apple_bf:50:1b","Broadcast","802.11","198","Probe Request, SN=1626, FN=0, Flags=........C, SSID=5G-Vectra-WiFi-511620"
"384809","3207.429956000","Apple_bf:50:1b","Broadcast","802.11","198","Probe Request, SN=1627, FN=0, Flags=........C, SSID=5G-Vectra-WiFi-511620"
"384812","3207.452015000","Apple_bf:50:1b","Broadcast","802.11","198","Probe Request, SN=1628, FN=0, Flags=........C, SSID=5G-Vectra-WiFi-511620"
"387797","3243.468719000","IntelCor_7a:be:4c","Broadcast","802.11","110","Probe Request, SN=1537, FN=0, Flags=........C, SSID=NETIA-9E22D1"
"387839","3243.676017000","IntelCor_7a:be:4c","Broadcast","802.11","110","Probe Request, SN=1548, FN=0, Flags=........C, SSID=NETIA-9E22D1"
"393219","3311.768087000","IntelCor_7a:be:4c","Broadcast","802.11","110","Probe Request, SN=1747, FN=0, Flags=........C, SSID=NETIA-9E22D1"
"393260","3311.973223000","IntelCor_7a:be:4c","Broadcast","802.11","110","Probe Request, SN=1758, FN=0, Flags=........C, SSID=NETIA-9E22D1"
"393273","3312.148172000","IntelCor_7a:be:4c","Broadcast","802.11","110","Probe Request, SN=1766, FN=0, Flags=........C, SSID=NETIA-9E22D1"
"395816","3343.864301000","SamsungE_50:6c:03","Broadcast","802.11","194","Probe Request, SN=1685, FN=0, Flags=........C, SSID=WLAN1-3TD9A9"
"396052","3346.625317000","SamsungE_50:6c:03","Broadcast","802.11","189","Probe Request, SN=1723, FN=0, Flags=........C, SSID=Livebox"
"396053","3346.626915000","SamsungE_50:6c:03","Broadcast","802.11","189","Probe Request, SN=1724, FN=0, Flags=........C, SSID=livebox"
"396054","3346.628381000","SamsungE_50:6c:03","Broadcast","802.11","189","Probe Request, SN=1725, FN=0, Flags=........C, SSID=i4i4jrj"
"397215","3361.969698000","SamsungE_50:6c:03","Broadcast","802.11","194","Probe Request, SN=2131, FN=0, Flags=........C, SSID=WLAN1-3TD9A9"
"398700","3381.503531000","IntelCor_7a:be:4c","Broadcast","802.11","110","Probe Request, SN=1949, FN=0, Flags=........C, SSID=NETIA-9E22D1"
"398729","3381.709155000","IntelCor_7a:be:4c","Broadcast","802.11","110","Probe Request, SN=1960, FN=0, Flags=........C, SSID=NETIA-9E22D1"
"403796","3451.649112000","IntelCor_7a:be:4c","Broadcast","802.11","110","Probe Request, SN=2138, FN=0, Flags=........C, SSID=NETIA-9E22D1"
"403837","3451.857270000","IntelCor_7a:be:4c","Broadcast","802.11","110","Probe Request, SN=2149, FN=0, Flags=........C, SSID=NETIA-9E22D1"
"404643","3463.870286000","Apple_bf:50:1b","Broadcast","802.11","198","Probe Request, SN=1675, FN=0, Flags=........C, SSID=5G-Vectra-WiFi-511620"
"404646","3463.890468000","Apple_bf:50:1b","Broadcast","802.11","198","Probe Request, SN=1676, FN=0, Flags=........C, SSID=5G-Vectra-WiFi-511620"
"404649","3463.913888000","Apple_bf:50:1b","Broadcast","802.11","198","Probe Request, SN=1677, FN=0, Flags=........C, SSID=5G-Vectra-WiFi-511620"
"404650","3463.933399000","Apple_bf:50:1b","Broadcast","802.11","198","Probe Request, SN=1678, FN=0, Flags=........C, SSID=5G-Vectra-WiFi-511620"
"404653","3463.962062000","Apple_bf:50:1b","Broadcast","802.11","198","Probe Request, SN=1679, FN=0, Flags=........C, SSID=5G-Vectra-WiFi-511620"
"404654","3463.983495000","Apple_bf:50:1b","Broadcast","802.11","198","Probe Request, SN=1680, FN=0, Flags=........C, SSID=5G-Vectra-WiFi-511620"
"405919","3482.409958000","Espressi_c5:af:92","Broadcast","802.11","123","Probe Request, SN=1220, FN=0, Flags=........C, SSID=Orange_Swiatlowod_79B8"
"410923","3521.385012000","IntelCor_7a:be:4c","Broadcast","802.11","110","Probe Request, SN=2463, FN=0, Flags=........C, SSID=NETIA-9E22D1"
"433857","3590.915788000","IntelCor_7a:be:4c","Broadcast","802.11","110","Probe Request, SN=2917, FN=0, Flags=........C, SSID=NETIA-9E22D1"
"433882","3591.121310000","IntelCor_7a:be:4c","Broadcast","802.11","110","Probe Request, SN=2928, FN=0, Flags=........C, SSID=NETIA-9E22D1"
"434519","3597.089012000","Apple_bf:50:1b","Broadcast","802.11","198","Probe Request, SN=1701, FN=0, Flags=........C, SSID=5G-Vectra-WiFi-511620"
"434520","3597.107250000","Apple_bf:50:1b","Broadcast","802.11","198","Probe Request, SN=1702, FN=0, Flags=........C, SSID=5G-Vectra-WiFi-511620"
"434525","3597.149565000","Apple_bf:50:1b","Broadcast","802.11","198","Probe Request, SN=1704, FN=0, Flags=........C, SSID=5G-Vectra-WiFi-511620"
"434526","3597.177636000","Apple_bf:50:1b","Broadcast","802.11","198","Probe Request, SN=1705, FN=0, Flags=........C, SSID=5G-Vectra-WiFi-511620"
"448578","3649.003242000","Apple_bf:50:1b","Broadcast","802.11","198","Probe Request, SN=1727, FN=0, Flags=........C, SSID=5G-Vectra-WiFi-511620"
"448579","3649.023490000","Apple_bf:50:1b","Broadcast","802.11","198","Probe Request, SN=1728, FN=0, Flags=........C, SSID=5G-Vectra-WiFi-511620"
"448580","3649.045652000","Apple_bf:50:1b","Broadcast","802.11","198","Probe Request, SN=1729, FN=0, Flags=........C, SSID=5G-Vectra-WiFi-511620"
"448583","3649.065858000","Apple_bf:50:1b","Broadcast","802.11","198","Probe Request, SN=1730, FN=0, Flags=........C, SSID=5G-Vectra-WiFi-511620"
"448585","3649.093172000","Apple_bf:50:1b","Broadcast","802.11","198","Probe Request, SN=1731, FN=0, Flags=........C, SSID=5G-Vectra-WiFi-511620"
"448608","3649.115870000","Apple_bf:50:1b","Broadcast","802.11","198","Probe Request, SN=1732, FN=0, Flags=........C, SSID=5G-Vectra-WiFi-511620"
"452180","3660.857086000","IntelCor_7a:be:4c","Broadcast","802.11","110","Probe Request, SN=3911, FN=0, Flags=........C, SSID=NETIA-9E22D1"
"452193","3661.031493000","IntelCor_7a:be:4c","Broadcast","802.11","110","Probe Request, SN=3925, FN=0, Flags=........C, SSID=NETIA-9E22D1"
"462691","3708.827259000","SamsungE_bf:60:4c","Broadcast","802.11","166","Probe Request, SN=2751, FN=0, Flags=........C, SSID=Orange_Swiatlowod_3F30"
"464098","3720.871474000","HuaweiTe_6f:cc:20","Broadcast","802.11","118","Probe Request, SN=1129, FN=0, Flags=........C, SSID=movistar"
"464099","3720.872535000","HuaweiTe_6f:cc:20","Broadcast","802.11","122","Probe Request, SN=1130, FN=0, Flags=........C, SSID=Singtel WIFI"
"464100","3720.873629000","HuaweiTe_6f:cc:20","Broadcast","802.11","122","Probe Request, SN=1131, FN=0, Flags=........C, SSID=Personal EAP"
"464101","3720.874787000","HuaweiTe_6f:cc:20","Broadcast","802.11","129","Probe Request, SN=1132, FN=0, Flags=........C, SSID=Swisscom_Auto_Login"
"464102","3720.875936000","HuaweiTe_6f:cc:20","Broadcast","802.11","134","Probe Request, SN=1133, FN=0, Flags=........C, SSID=Free_Swisscom_Auto_Login"
"464103","3720.877063000","HuaweiTe_6f:cc:20","Broadcast","802.11","120","Probe Request, SN=1134, FN=0, Flags=........C, SSID=Wifi Extra"
"464104","3720.878097000","HuaweiTe_6f:cc:20","Broadcast","802.11","115","Probe Request, SN=1135, FN=0, Flags=........C, SSID=Wifi+"
"464105","3720.879093000","HuaweiTe_6f:cc:20","Broadcast","802.11","121","Probe Request, SN=1136, FN=0, Flags=........C, SSID= Wifi Extra"
"468707","3744.980756000","HuaweiTe_6f:cc:20","Broadcast","802.11","123","Probe Request, SN=1543, FN=0, Flags=........C, SSID=MOVISTAR WIFI"
"468708","3744.981726000","HuaweiTe_6f:cc:20","Broadcast","802.11","119","Probe Request, SN=1544, FN=0, Flags=........C, SSID=VIVO-WIFI"
"468709","3744.982835000","HuaweiTe_6f:cc:20","Broadcast","802.11","118","Probe Request, SN=1545, FN=0, Flags=........C, SSID=Movistar"
"468710","3744.983889000","HuaweiTe_6f:cc:20","Broadcast","802.11","118","Probe Request, SN=1546, FN=0, Flags=........C, SSID=movistar"
"468711","3744.985011000","HuaweiTe_6f:cc:20","Broadcast","802.11","122","Probe Request, SN=1547, FN=0, Flags=........C, SSID=Singtel WIFI"
"468712","3744.987002000","HuaweiTe_6f:cc:20","Broadcast","802.11","122","Probe Request, SN=1548, FN=0, Flags=........C, SSID=Personal EAP"
"468713","3744.987353000","HuaweiTe_6f:cc:20","Broadcast","802.11","129","Probe Request, SN=1549, FN=0, Flags=........C, SSID=Swisscom_Auto_Login"
"468714","3744.988413000","HuaweiTe_6f:cc:20","Broadcast","802.11","134","Probe Request, SN=1550, FN=0, Flags=........C, SSID=Free_Swisscom_Auto_Login"
"468716","3744.990428000","HuaweiTe_6f:cc:20","Broadcast","802.11","123","Probe Request, SN=1552, FN=0, Flags=........C, SSID=MOVISTAR WIFI"
"472857","3752.641394000","IntelCor_7a:be:4c","Broadcast","802.11","110","Probe Request, SN=2374, FN=0, Flags=........C, SSID=NETIA-9E22D1"
"476121","3780.995641000","HuaweiTe_6f:cc:20","Broadcast","802.11","115","Probe Request, SN=1895, FN=0, Flags=........C, SSID=Wifi+"
"476122","3780.996736000","HuaweiTe_6f:cc:20","Broadcast","802.11","121","Probe Request, SN=1896, FN=0, Flags=........C, SSID= Wifi Extra"
"476123","3780.997838000","HuaweiTe_6f:cc:20","Broadcast","802.11","123","Probe Request, SN=1897, FN=0, Flags=........C, SSID=MOVISTAR WIFI"
"476124","3780.998973000","HuaweiTe_6f:cc:20","Broadcast","802.11","119","Probe Request, SN=1898, FN=0, Flags=........C, SSID=VIVO-WIFI"
"476125","3780.999937000","HuaweiTe_6f:cc:20","Broadcast","802.11","118","Probe Request, SN=1899, FN=0, Flags=........C, SSID=Movistar"
"476126","3781.001074000","HuaweiTe_6f:cc:20","Broadcast","802.11","118","Probe Request, SN=1900, FN=0, Flags=........C, SSID=movistar"
"476127","3781.002136000","HuaweiTe_6f:cc:20","Broadcast","802.11","122","Probe Request, SN=1901, FN=0, Flags=........C, SSID=Singtel WIFI"
"476132","3781.012381000","HuaweiTe_6f:cc:20","Broadcast","802.11","119","Probe Request, SN=1907, FN=0, Flags=........C, SSID=VIVO-WIFI"
"476135","3781.021182000","HuaweiTe_6f:cc:20","Broadcast","802.11","123","Probe Request, SN=1915, FN=0, Flags=........C, SSID=MOVISTAR WIFI"
"476139","3781.031168000","HuaweiTe_6f:cc:20","Broadcast","802.11","123","Probe Request, SN=1924, FN=0, Flags=........C, SSID=MOVISTAR WIFI"
"476141","3781.035712000","HuaweiTe_6f:cc:20","Broadcast","802.11","118","Probe Request, SN=1926, FN=0, Flags=........C, SSID=Movistar"
"476142","3781.036675000","HuaweiTe_6f:cc:20","Broadcast","802.11","118","Probe Request, SN=1927, FN=0, Flags=........C, SSID=movistar"
"498653","3861.590432000","Apple_bf:50:1b","Broadcast","802.11","198","Probe Request, SN=1805, FN=0, Flags=........C, SSID=5G-Vectra-WiFi-511620"
"498654","3861.610678000","Apple_bf:50:1b","Broadcast","802.11","198","Probe Request, SN=1806, FN=0, Flags=........C, SSID=5G-Vectra-WiFi-511620"
"498659","3861.679982000","Apple_bf:50:1b","Broadcast","802.11","198","Probe Request, SN=1809, FN=0, Flags=........C, SSID=5G-Vectra-WiFi-511620"
"498664","3861.702931000","Apple_bf:50:1b","Broadcast","802.11","198","Probe Request, SN=1810, FN=0, Flags=........C, SSID=5G-Vectra-WiFi-511620"
"512512","3899.667030000","IntelCor_7a:be:4c","Broadcast","802.11","110","Probe Request, SN=3090, FN=0, Flags=........C, SSID=NETIA-9E22D1"
"525411","3969.424497000","IntelCor_7a:be:4c","Broadcast","802.11","110","Probe Request, SN=3827, FN=0, Flags=........C, SSID=NETIA-9E22D1"
"538161","4038.924595000","IntelCor_7a:be:4c","Broadcast","802.11","110","Probe Request, SN=4023, FN=0, Flags=........C, SSID=NETIA-9E22D1"
"538218","4039.139397000","IntelCor_7a:be:4c","Broadcast","802.11","110","Probe Request, SN=4037, FN=0, Flags=........C, SSID=NETIA-9E22D1"
"560598","4108.455321000","IntelCor_7a:be:4c","Broadcast","802.11","110","Probe Request, SN=4006, FN=0, Flags=........C, SSID=NETIA-9E22D1"
"560649","4108.836287000","IntelCor_7a:be:4c","Broadcast","802.11","110","Probe Request, SN=4022, FN=0, Flags=........C, SSID=NETIA-9E22D1"
"560963","4112.257244000","HonHaiPr_51:57:04","Broadcast","802.11","93","Probe Request, SN=1877, FN=0, Flags=........C, SSID=WLAN1-3TD9A9"
"560966","4112.267532000","HonHaiPr_51:57:04","Broadcast","802.11","93","Probe Request, SN=1878, FN=0, Flags=........C, SSID=WLAN1-3TD9A9"
"560967","4112.278959000","HonHaiPr_51:57:04","Broadcast","802.11","93","Probe Request, SN=1879, FN=0, Flags=........C, SSID=WLAN1-3TD9A9"
"560968","4112.289349000","HonHaiPr_51:57:04","Broadcast","802.11","93","Probe Request, SN=1880, FN=0, Flags=........C, SSID=WLAN1-3TD9A9"
"560969","4112.300778000","HonHaiPr_51:57:04","Broadcast","802.11","93","Probe Request, SN=1881, FN=0, Flags=........C, SSID=WLAN1-3TD9A9"
"563427","4123.349556000","HonHaiPr_51:57:04","Broadcast","802.11","96","Probe Request, SN=1911, FN=0, Flags=........., SSID=WLAN1-3TD9A9[Malformed Packet]"
"563490","4123.370091000","HonHaiPr_51:57:04","Broadcast","802.11","96","Probe Request, SN=1914, FN=0, Flags=........., SSID=WLAN1-3TD9A9[Malformed Packet]"
"563514","4123.374751000","HonHaiPr_51:57:04","Broadcast","802.11","96","Probe Request, SN=1915, FN=0, Flags=........., SSID=WLAN1-3TD9A9"
"564489","4125.466600000","HonHaiPr_51:57:04","Broadcast","802.11","93","Probe Request, SN=1943, FN=0, Flags=........C, SSID=WLAN1-3TD9A9"
"564492","4125.476991000","HonHaiPr_51:57:04","Broadcast","802.11","93","Probe Request, SN=1944, FN=0, Flags=........C, SSID=WLAN1-3TD9A9"
"564493","4125.510183000","HonHaiPr_51:57:04","Broadcast","802.11","93","Probe Request, SN=1947, FN=0, Flags=........C, SSID=WLAN1-3TD9A9"
"572533","4156.199185000","Apple_bf:50:1b","Broadcast","802.11","198","Probe Request, SN=1909, FN=0, Flags=........C, SSID=5G-Vectra-WiFi-511620"
"572539","4156.237254000","Apple_bf:50:1b","Broadcast","802.11","198","Probe Request, SN=1911, FN=0, Flags=........C, SSID=5G-Vectra-WiFi-511620"
"572543","4156.258448000","Apple_bf:50:1b","Broadcast","802.11","198","Probe Request, SN=1912, FN=0, Flags=........C, SSID=5G-Vectra-WiFi-511620"
"572544","4156.284151000","Apple_bf:50:1b","Broadcast","802.11","198","Probe Request, SN=1913, FN=0, Flags=........C, SSID=5G-Vectra-WiFi-511620"
"572547","4156.307384000","Apple_bf:50:1b","Broadcast","802.11","198","Probe Request, SN=1914, FN=0, Flags=........C, SSID=5G-Vectra-WiFi-511620"
"581189","4178.191197000","IntelCor_7a:be:4c","Broadcast","802.11","110","Probe Request, SN=87, FN=0, Flags=........C, SSID=NETIA-9E22D1"
"589994","4243.642919000","IntelCor_7a:be:4c","Broadcast","802.11","110","Probe Request, SN=3984, FN=0, Flags=........C, SSID=NETIA-9E22D1"
"590248","4246.723463000","IntelCor_7a:be:4c","Broadcast","802.11","110","Probe Request, SN=770, FN=0, Flags=........C, SSID=NETIA-9E22D1"
"611529","4345.438195000","Apple_bf:50:1b","Broadcast","802.11","198","Probe Request, SN=1961, FN=0, Flags=........C, SSID=5G-Vectra-WiFi-511620"
"611530","4345.467098000","Apple_bf:50:1b","Broadcast","802.11","198","Probe Request, SN=1962, FN=0, Flags=........C, SSID=5G-Vectra-WiFi-511620"
"611533","4345.501333000","Apple_bf:50:1b","Broadcast","802.11","198","Probe Request, SN=1964, FN=0, Flags=........C, SSID=5G-Vectra-WiFi-511620"
"611535","4345.528043000","Apple_bf:50:1b","Broadcast","802.11","198","Probe Request, SN=1965, FN=0, Flags=........C, SSID=5G-Vectra-WiFi-511620"
"611538","4345.551007000","Apple_bf:50:1b","Broadcast","802.11","198","Probe Request, SN=1966, FN=0, Flags=........C, SSID=5G-Vectra-WiFi-511620"
"619100","4414.353508000","SamsungE_b3:5d:f0","Broadcast","802.11","197","Probe Request, SN=1963, FN=0, Flags=........C, SSID=aro"
"628342","4429.382975000","SamsungE_b3:5d:f0","Broadcast","802.11","197","Probe Request, SN=2112, FN=0, Flags=........C, SSID=aro"
"628352","4429.402794000","SamsungE_b3:5d:f0","Broadcast","802.11","197","Probe Request, SN=2114, FN=0, Flags=........C, SSID=aro"
"628366","4429.424856000","SamsungE_b3:5d:f0","Broadcast","802.11","197","Probe Request, SN=2117, FN=0, Flags=........C, SSID=aro"
"628370","4429.444627000","SamsungE_b3:5d:f0","Broadcast","802.11","197","Probe Request, SN=2119, FN=0, Flags=........C, SSID=aro"
"628963","4431.606247000","IntelCor_7a:be:4c","Broadcast","802.11","110","Probe Request, SN=765, FN=0, Flags=........C, SSID=NETIA-9E22D1"
"629003","4431.841093000","IntelCor_7a:be:4c","Broadcast","802.11","110","Probe Request, SN=778, FN=0, Flags=........C, SSID=NETIA-9E22D1"
"643002","4501.383757000","IntelCor_7a:be:4c","Broadcast","802.11","110","Probe Request, SN=3269, FN=0, Flags=........C, SSID=NETIA-9E22D1"
"643939","4504.570142000","Apple_bf:50:1b","Broadcast","802.11","198","Probe Request, SN=1987, FN=0, Flags=........C, SSID=5G-Vectra-WiFi-511620"
"644086","4504.683907000","Apple_bf:50:1b","Broadcast","802.11","198","Probe Request, SN=1992, FN=0, Flags=........C, SSID=5G-Vectra-WiFi-511620"
"646810","4523.420854000","IntelCor_7a:be:4c","Broadcast","802.11","110","Probe Request, SN=1681, FN=0, Flags=........C, SSID=NETIA-9E22D1"
"655729","4591.688344000","SamsungE_46:5d:e6","Broadcast","802.11","124","Probe Request, SN=22, FN=0, Flags=........C, SSID=\\357\\277\\275\\357\\277\\275S\\000\\000\\000\\000\\000\\000W\\b\\357\\277\\275\\000\\020\\000\\000\\000"
"655730","4591.688689000","SamsungE_46:5d:e6","Broadcast","802.11","124","Probe Request, SN=23, FN=0, Flags=........C, SSID=\\357\\277\\275\\357\\277\\275S\\000\\000\\000\\000\\000\\000W\\b\\357\\277\\275\\000\\020\\000\\000\\000"
"655731","4591.688967000","SamsungE_46:5d:e6","Broadcast","802.11","124","Probe Request, SN=24, FN=0, Flags=........C, SSID=\\357\\277\\275\\357\\277\\275S\\000\\000\\000\\000\\000\\000W\\b\\357\\277\\275\\000\\020\\000\\000\\000"
"655803","4592.343749000","SamsungE_46:5d:e6","Technico_51:16:25","802.11","93","Probe Request, SN=28, FN=0, Flags=........C, SSID=2.4G-Vectra-WiFi-511620"
"656174","4596.416902000","HonHaiPr_51:57:04","Broadcast","802.11","93","Probe Request, SN=2773, FN=0, Flags=........C, SSID=WLAN1-3TD9A9"
"656175","4596.418931000","HonHaiPr_51:57:04","Broadcast","802.11","93","Probe Request, SN=2774, FN=0, Flags=........C, SSID=WLAN1-3TD9A9"
"656178","4596.452129000","HonHaiPr_51:57:04","Broadcast","802.11","93","Probe Request, SN=2777, FN=0, Flags=........C, SSID=WLAN1-3TD9A9"
"656179","4596.462537000","HonHaiPr_51:57:04","Broadcast","802.11","93","Probe Request, SN=2778, FN=0, Flags=........C, SSID=WLAN1-3TD9A9"
"658046","4603.167138000","HonHaiPr_51:57:04","Broadcast","802.11","93","Probe Request, SN=2807, FN=0, Flags=........C, SSID=WLAN1-3TD9A9"
"658048","4603.177487000","HonHaiPr_51:57:04","Broadcast","802.11","93","Probe Request, SN=2808, FN=0, Flags=........C, SSID=WLAN1-3TD9A9"
"658051","4603.199229000","HonHaiPr_51:57:04","Broadcast","802.11","93","Probe Request, SN=2810, FN=0, Flags=........C, SSID=WLAN1-3TD9A9"
"658052","4603.210661000","HonHaiPr_51:57:04","Broadcast","802.11","93","Probe Request, SN=2811, FN=0, Flags=........C, SSID=WLAN1-3TD9A9"
"675863","4695.465711000","IntelCor_7a:be:4c","Broadcast","802.11","110","Probe Request, SN=4067, FN=0, Flags=........C, SSID=NETIA-9E22D1"
"685065","4768.468919000","IntelCor_7a:be:4c","Broadcast","802.11","110","Probe Request, SN=636, FN=0, Flags=........C, SSID=NETIA-9E22D1"
"686909","4787.482811000","IntelCor_7a:be:4c","Broadcast","802.11","110","Probe Request, SN=3589, FN=0, Flags=........C, SSID=NETIA-9E22D1"
"697780","4881.152741000","SamsungE_b3:5d:f0","Broadcast","802.11","217","Probe Request, SN=3319, FN=0, Flags=........C, SSID=2.4G-Vectra-WiFi-511620"
"697805","4881.170259000","SamsungE_b3:5d:f0","Broadcast","802.11","217","Probe Request, SN=3325, FN=0, Flags=........C, SSID=2.4G-Vectra-WiFi-511620"
"697808","4881.190985000","SamsungE_b3:5d:f0","Broadcast","802.11","217","Probe Request, SN=3326, FN=0, Flags=........C, SSID=2.4G-Vectra-WiFi-511620"
"697813","4881.210764000","SamsungE_b3:5d:f0","Broadcast","802.11","217","Probe Request, SN=3327, FN=0, Flags=........C, SSID=2.4G-Vectra-WiFi-511620"
"697820","4881.232652000","SamsungE_b3:5d:f0","Broadcast","802.11","217","Probe Request, SN=3329, FN=0, Flags=........C, SSID=2.4G-Vectra-WiFi-511620"
"697829","4881.255397000","SamsungE_b3:5d:f0","Broadcast","802.11","217","Probe Request, SN=3330, FN=0, Flags=........C, SSID=2.4G-Vectra-WiFi-511620"
"697836","4881.276493000","SamsungE_b3:5d:f0","Broadcast","802.11","217","Probe Request, SN=3331, FN=0, Flags=........C, SSID=2.4G-Vectra-WiFi-511620"
"697837","4881.294609000","SamsungE_b3:5d:f0","Broadcast","802.11","217","Probe Request, SN=3332, FN=0, Flags=........C, SSID=2.4G-Vectra-WiFi-511620"
"702351","4925.015435000","HonHaiPr_51:57:04","Broadcast","802.11","93","Probe Request, SN=3549, FN=0, Flags=........C, SSID=WLAN1-3TD9A9"
"702352","4925.025788000","HonHaiPr_51:57:04","Broadcast","802.11","93","Probe Request, SN=3550, FN=0, Flags=........C, SSID=WLAN1-3TD9A9"
"702355","4925.067107000","HonHaiPr_51:57:04","Broadcast","802.11","93","Probe Request, SN=3553, FN=0, Flags=........C, SSID=WLAN1-3TD9A9"
"702356","4925.069480000","HonHaiPr_51:57:04","Broadcast","802.11","93","Probe Request, SN=3554, FN=0, Flags=........C, SSID=WLAN1-3TD9A9"
"705497","4963.796897000","SamsungE_b3:5d:f0","Broadcast","802.11","217","Probe Request, SN=3482, FN=0, Flags=........C, SSID=2.4G-Vectra-WiFi-511620"
"705517","4963.817033000","SamsungE_b3:5d:f0","Broadcast","802.11","217","Probe Request, SN=3487, FN=0, Flags=........C, SSID=2.4G-Vectra-WiFi-511620"
"710204","5005.167246000","SamsungE_b3:5d:f0","Broadcast","802.11","217","Probe Request, SN=3508, FN=0, Flags=........C, SSID=2.4G-Vectra-WiFi-511620"
"710209","5005.187804000","SamsungE_b3:5d:f0","Broadcast","802.11","217","Probe Request, SN=3510, FN=0, Flags=........C, SSID=2.4G-Vectra-WiFi-511620"
"712136","5023.110337000","IntelCor_7a:be:4c","Broadcast","802.11","110","Probe Request, SN=1150, FN=0, Flags=........C, SSID=NETIA-9E22D1"
"712176","5023.315207000","IntelCor_7a:be:4c","Broadcast","802.11","110","Probe Request, SN=1161, FN=0, Flags=........C, SSID=NETIA-9E22D1"
"712186","5023.490681000","IntelCor_7a:be:4c","Broadcast","802.11","110","Probe Request, SN=1169, FN=0, Flags=........C, SSID=NETIA-9E22D1"
"718738","5092.969537000","IntelCor_7a:be:4c","Broadcast","802.11","110","Probe Request, SN=1301, FN=0, Flags=........C, SSID=NETIA-9E22D1"
"729964","5162.695906000","IntelCor_7a:be:4c","Broadcast","802.11","110","Probe Request, SN=1475, FN=0, Flags=........C, SSID=NETIA-9E22D1"
"729984","5162.889078000","IntelCor_7a:be:4c","Broadcast","802.11","110","Probe Request, SN=1486, FN=0, Flags=........C, SSID=NETIA-9E22D1"
"731991","5183.915975000","Apple_bf:50:1b","Broadcast","802.11","198","Probe Request, SN=2142, FN=0, Flags=........C, SSID=5G-Vectra-WiFi-511620"
"731992","5183.934236000","Apple_bf:50:1b","Broadcast","802.11","198","Probe Request, SN=2143, FN=0, Flags=........C, SSID=5G-Vectra-WiFi-511620"
"732001","5183.976739000","Apple_bf:50:1b","Broadcast","802.11","198","Probe Request, SN=2145, FN=0, Flags=........C, SSID=5G-Vectra-WiFi-511620"
"732006","5184.027020000","Apple_bf:50:1b","Broadcast","802.11","198","Probe Request, SN=2147, FN=0, Flags=........C, SSID=5G-Vectra-WiFi-511620"
"737000","5232.420985000","IntelCor_7a:be:4c","Broadcast","802.11","110","Probe Request, SN=2194, FN=0, Flags=........C, SSID=NETIA-9E22D1"
"739924","5263.168268000","Apple_bf:50:1b","Broadcast","802.11","198","Probe Request, SN=2163, FN=0, Flags=........C, SSID=5G-Vectra-WiFi-511620"
"739925","5263.188469000","Apple_bf:50:1b","Broadcast","802.11","198","Probe Request, SN=2164, FN=0, Flags=........C, SSID=5G-Vectra-WiFi-511620"
"739931","5263.256521000","Apple_bf:50:1b","Broadcast","802.11","198","Probe Request, SN=2167, FN=0, Flags=........C, SSID=5G-Vectra-WiFi-511620"
"744134","5302.155597000","IntelCor_7a:be:4c","Broadcast","802.11","110","Probe Request, SN=1563, FN=0, Flags=........C, SSID=NETIA-9E22D1"
"744164","5302.344856000","IntelCor_7a:be:4c","Broadcast","802.11","110","Probe Request, SN=1574, FN=0, Flags=........C, SSID=NETIA-9E22D1"
"754910","5422.088220000","Apple_bf:50:1b","Broadcast","802.11","198","Probe Request, SN=2189, FN=0, Flags=........C, SSID=5G-Vectra-WiFi-511620"
"754934","5422.130911000","Apple_bf:50:1b","Broadcast","802.11","198","Probe Request, SN=2190, FN=0, Flags=........C, SSID=5G-Vectra-WiFi-511620"
"754936","5422.151173000","Apple_bf:50:1b","Broadcast","802.11","198","Probe Request, SN=2191, FN=0, Flags=........C, SSID=5G-Vectra-WiFi-511620"
"754937","5422.177549000","Apple_bf:50:1b","Broadcast","802.11","198","Probe Request, SN=2192, FN=0, Flags=........C, SSID=5G-Vectra-WiFi-511620"
"754941","5422.201063000","Apple_bf:50:1b","Broadcast","802.11","198","Probe Request, SN=2193, FN=0, Flags=........C, SSID=5G-Vectra-WiFi-511620"
"765530","5541.177181000","Apple_bf:50:1b","Broadcast","802.11","198","Probe Request, SN=2240, FN=0, Flags=........C, SSID=5G-Vectra-WiFi-511620"
"765533","5541.197310000","Apple_bf:50:1b","Broadcast","802.11","198","Probe Request, SN=2241, FN=0, Flags=........C, SSID=5G-Vectra-WiFi-511620"
"765534","5541.219466000","Apple_bf:50:1b","Broadcast","802.11","198","Probe Request, SN=2242, FN=0, Flags=........C, SSID=5G-Vectra-WiFi-511620"
"765536","5541.239744000","Apple_bf:50:1b","Broadcast","802.11","198","Probe Request, SN=2243, FN=0, Flags=........C, SSID=5G-Vectra-WiFi-511620"
"765537","5541.267844000","Apple_bf:50:1b","Broadcast","802.11","198","Probe Request, SN=2244, FN=0, Flags=........C, SSID=5G-Vectra-WiFi-511620"
"765541","5541.291035000","Apple_bf:50:1b","Broadcast","802.11","198","Probe Request, SN=2245, FN=0, Flags=........C, SSID=5G-Vectra-WiFi-511620"
"775578","5663.985124000","Routerbo_44:1e:33","Broadcast","802.11","77","Probe Request, SN=0, FN=0, Flags=........C, SSID=PWI_WRS"
"775579","5663.985859000","Routerbo_44:1e:33","Broadcast","802.11","77","Probe Request, SN=1, FN=0, Flags=........C, SSID=PWI_WRS"
"775580","5663.986563000","Routerbo_44:1e:33","Broadcast","802.11","77","Probe Request, SN=2, FN=0, Flags=........C, SSID=PWI_WRS"
"775587","5664.113301000","Routerbo_44:1e:33","Broadcast","802.11","77","Probe Request, SN=0, FN=0, Flags=........C, SSID=PWI_WRS"
"775588","5664.114625000","Routerbo_44:1e:33","Broadcast","802.11","77","Probe Request, SN=2, FN=0, Flags=........C, SSID=PWI_WRS"
"783499","5760.834482000","Apple_bf:50:1b","Broadcast","802.11","198","Probe Request, SN=2292, FN=0, Flags=........C, SSID=5G-Vectra-WiFi-511620"
"783502","5760.854714000","Apple_bf:50:1b","Broadcast","802.11","198","Probe Request, SN=2293, FN=0, Flags=........C, SSID=5G-Vectra-WiFi-511620"
"783503","5760.877246000","Apple_bf:50:1b","Broadcast","802.11","198","Probe Request, SN=2294, FN=0, Flags=........C, SSID=5G-Vectra-WiFi-511620"
"783506","5760.897441000","Apple_bf:50:1b","Broadcast","802.11","198","Probe Request, SN=2295, FN=0, Flags=........C, SSID=5G-Vectra-WiFi-511620"
"783508","5760.924141000","Apple_bf:50:1b","Broadcast","802.11","198","Probe Request, SN=2296, FN=0, Flags=........C, SSID=5G-Vectra-WiFi-511620"
"783511","5760.947245000","Apple_bf:50:1b","Broadcast","802.11","198","Probe Request, SN=2297, FN=0, Flags=........C, SSID=5G-Vectra-WiFi-511620"
"784818","5778.050612000","IntelCor_7a:be:4c","Broadcast","802.11","110","Probe Request, SN=3590, FN=0, Flags=........C, SSID=NETIA-9E22D1"
"785951","5793.698675000","Apple_bf:50:1b","Broadcast","802.11","198","Probe Request, SN=2318, FN=0, Flags=........C, SSID=5G-Vectra-WiFi-511620"
"785954","5793.741360000","Apple_bf:50:1b","Broadcast","802.11","198","Probe Request, SN=2320, FN=0, Flags=........C, SSID=5G-Vectra-WiFi-511620"
"785956","5793.761577000","Apple_bf:50:1b","Broadcast","802.11","198","Probe Request, SN=2321, FN=0, Flags=........C, SSID=5G-Vectra-WiFi-511620"
"785957","5793.789101000","Apple_bf:50:1b","Broadcast","802.11","198","Probe Request, SN=2322, FN=0, Flags=........C, SSID=5G-Vectra-WiFi-511620"
"792700","5885.452512000","Apple_bf:50:1b","Broadcast","802.11","198","Probe Request, SN=2343, FN=0, Flags=........C, SSID=5G-Vectra-WiFi-511620"
"792703","5885.472804000","Apple_bf:50:1b","Broadcast","802.11","198","Probe Request, SN=2344, FN=0, Flags=........C, SSID=5G-Vectra-WiFi-511620"
"792704","5885.494699000","Apple_bf:50:1b","Broadcast","802.11","198","Probe Request, SN=2345, FN=0, Flags=........C, SSID=5G-Vectra-WiFi-511620"
"792707","5885.515325000","Apple_bf:50:1b","Broadcast","802.11","198","Probe Request, SN=2346, FN=0, Flags=........C, SSID=5G-Vectra-WiFi-511620"
"792708","5885.542319000","Apple_bf:50:1b","Broadcast","802.11","198","Probe Request, SN=2347, FN=0, Flags=........C, SSID=5G-Vectra-WiFi-511620"
"795542","5923.160005000","HuaweiTe_6f:cc:20","Broadcast","802.11","122","Probe Request, SN=2263, FN=0, Flags=........C, SSID=Personal EAP"
"795543","5923.161166000","HuaweiTe_6f:cc:20","Broadcast","802.11","129","Probe Request, SN=2264, FN=0, Flags=........C, SSID=Swisscom_Auto_Login"
"795544","5923.162368000","HuaweiTe_6f:cc:20","Broadcast","802.11","134","Probe Request, SN=2265, FN=0, Flags=........C, SSID=Free_Swisscom_Auto_Login"
"795545","5923.163362000","HuaweiTe_6f:cc:20","Broadcast","802.11","120","Probe Request, SN=2266, FN=0, Flags=........C, SSID=Wifi Extra"
"795546","5923.164351000","HuaweiTe_6f:cc:20","Broadcast","802.11","115","Probe Request, SN=2267, FN=0, Flags=........C, SSID=Wifi+"
"795547","5923.165383000","HuaweiTe_6f:cc:20","Broadcast","802.11","121","Probe Request, SN=2268, FN=0, Flags=........C, SSID= Wifi Extra"
"795548","5923.166496000","HuaweiTe_6f:cc:20","Broadcast","802.11","123","Probe Request, SN=2269, FN=0, Flags=........C, SSID=MOVISTAR WIFI"
"795549","5923.167541000","HuaweiTe_6f:cc:20","Broadcast","802.11","119","Probe Request, SN=2270, FN=0, Flags=........C, SSID=VIVO-WIFI"
"795555","5923.180689000","HuaweiTe_6f:cc:20","Broadcast","802.11","134","Probe Request, SN=2274, FN=0, Flags=........C, SSID=Free_Swisscom_Auto_Login"
"795564","5923.214888000","HuaweiTe_6f:cc:20","Broadcast","802.11","123","Probe Request, SN=2287, FN=0, Flags=........C, SSID=MOVISTAR WIFI"
"795654","5924.443473000","MurataMa_a2:ad:8c","Broadcast","802.11","156","Probe Request, SN=2515, FN=0, Flags=........C, SSID=pley"
"795659","5924.451337000","MurataMa_a2:ad:8c","Broadcast","802.11","158","Probe Request, SN=2516, FN=0, Flags=........C, SSID=wectra"
"795660","5924.452655000","MurataMa_a2:ad:8c","Broadcast","802.11","157","Probe Request, SN=2517, FN=0, Flags=........C, SSID=vekta"
"795665","5924.483873000","MurataMa_a2:ad:8c","Broadcast","802.11","156","Probe Request, SN=2519, FN=0, Flags=........C, SSID=pley"
"795670","5924.491378000","MurataMa_a2:ad:8c","Broadcast","802.11","158","Probe Request, SN=2520, FN=0, Flags=........C, SSID=wectra"
"795671","5924.492679000","MurataMa_a2:ad:8c","Broadcast","802.11","157","Probe Request, SN=2521, FN=0, Flags=........C, SSID=vekta"
"796270","5932.475292000","MurataMa_a2:ad:8c","Broadcast","802.11","156","Probe Request, SN=2627, FN=0, Flags=........C, SSID=pley"
"796271","5932.476704000","MurataMa_a2:ad:8c","Broadcast","802.11","158","Probe Request, SN=2628, FN=0, Flags=........C, SSID=wectra"
"796272","5932.480340000","MurataMa_a2:ad:8c","Broadcast","802.11","157","Probe Request, SN=2629, FN=0, Flags=........C, SSID=vekta"
"796275","5932.515318000","MurataMa_a2:ad:8c","Broadcast","802.11","156","Probe Request, SN=2631, FN=0, Flags=........C, SSID=pley"
"796280","5932.523243000","MurataMa_a2:ad:8c","Broadcast","802.11","158","Probe Request, SN=2632, FN=0, Flags=........C, SSID=wectra"
"796281","5932.524514000","MurataMa_a2:ad:8c","Broadcast","802.11","157","Probe Request, SN=2633, FN=0, Flags=........C, SSID=vekta"
"796289","5932.644147000","MurataMa_a2:ad:8c","Broadcast","802.11","156","Probe Request, SN=2643, FN=0, Flags=........C, SSID=pley"
"796299","5932.684394000","MurataMa_a2:ad:8c","Broadcast","802.11","156","Probe Request, SN=2647, FN=0, Flags=........C, SSID=pley"
"796300","5932.687756000","MurataMa_a2:ad:8c","Broadcast","802.11","157","Probe Request, SN=2649, FN=0, Flags=........C, SSID=vekta"
"797789","5948.486204000","MurataMa_a2:ad:8c","Broadcast","802.11","156","Probe Request, SN=2731, FN=0, Flags=........C, SSID=pley"
"804197","6032.998597000","IntelCor_7a:be:4c","Broadcast","802.11","110","Probe Request, SN=2354, FN=0, Flags=........C, SSID=NETIA-9E22D1"
"804480","6036.108246000","IntelCor_7a:be:4c","Broadcast","802.11","110","Probe Request, SN=1773, FN=0, Flags=........C, SSID=NETIA-9E22D1"
"807118","6070.271589000","Apple_bf:50:1b","Broadcast","802.11","198","Probe Request, SN=2722, FN=0, Flags=........C, SSID=5G-Vectra-WiFi-511620"
"807120","6070.281761000","Apple_bf:50:1b","Broadcast","802.11","198","Probe Request, SN=2723, FN=0, Flags=........C, SSID=5G-Vectra-WiFi-511620"
"807127","6070.388121000","Apple_bf:50:1b","Broadcast","802.11","198","Probe Request, SN=2726, FN=0, Flags=........C, SSID=5G-Vectra-WiFi-511620"
"807130","6070.411743000","Apple_bf:50:1b","Broadcast","802.11","198","Probe Request, SN=2728, FN=0, Flags=........C, SSID=5G-Vectra-WiFi-511620"
"816256","6190.792881000","Apple_bf:50:1b","Broadcast","802.11","198","Probe Request, SN=3692, FN=0, Flags=........C, SSID=5G-Vectra-WiFi-511620"
"816258","6190.808290000","Apple_bf:50:1b","Broadcast","802.11","198","Probe Request, SN=3693, FN=0, Flags=........C, SSID=5G-Vectra-WiFi-511620"
"816261","6190.850771000","Apple_bf:50:1b","Broadcast","802.11","198","Probe Request, SN=3697, FN=0, Flags=........C, SSID=5G-Vectra-WiFi-511620"
"817471","6208.197067000","IntelCor_7a:be:4c","Broadcast","802.11","110","Probe Request, SN=3336, FN=0, Flags=........C, SSID=NETIA-9E22D1"
"822848","6277.954090000","IntelCor_7a:be:4c","Broadcast","802.11","110","Probe Request, SN=3520, FN=0, Flags=........C, SSID=NETIA-9E22D1"
"825902","6319.843122000","Apple_bf:50:1b","Broadcast","802.11","198","Probe Request, SN=3772, FN=0, Flags=........C, SSID=5G-Vectra-WiFi-511620"
"825913","6319.929509000","Apple_bf:50:1b","Broadcast","802.11","198","Probe Request, SN=3776, FN=0, Flags=........C, SSID=5G-Vectra-WiFi-511620"
"828057","6354.187640000","Apple_cd:fc:8c","Broadcast","802.11","198","Probe Request, SN=125, FN=0, Flags=........C, SSID=5G-Vectra-WiFi-511620"
"828060","6354.232647000","Apple_cd:fc:8c","Broadcast","802.11","198","Probe Request, SN=127, FN=0, Flags=........C, SSID=5G-Vectra-WiFi-511620"
"833962","6404.189241000","SamsungE_42:fb:85","Broadcast","802.11","129","Probe Request, SN=1588, FN=0, Flags=...P....C, SSID=Orange_Swiatlowod_3F30"
"833965","6404.196037000","SamsungE_42:fb:85","Broadcast","802.11","129","Probe Request, SN=1589, FN=0, Flags=...P....C, SSID=Orange_Swiatlowod_3F30"
"833968","6404.206007000","SamsungE_42:fb:85","Broadcast","802.11","129","Probe Request, SN=1590, FN=0, Flags=...P....C, SSID=Orange_Swiatlowod_3F30"
"835226","6417.195274000","SamsungE_42:fb:85","Broadcast","802.11","129","Probe Request, SN=1595, FN=0, Flags=...P....C, SSID=Orange_Swiatlowod_3F30"
"835228","6417.206363000","SamsungE_42:fb:85","Broadcast","802.11","129","Probe Request, SN=1597, FN=0, Flags=...P....C, SSID=Orange_Swiatlowod_3F30"
"835230","6417.211041000","IntelCor_7a:be:4c","Broadcast","802.11","110","Probe Request, SN=3866, FN=0, Flags=........C, SSID=NETIA-9E22D1"
"835283","6417.590664000","IntelCor_7a:be:4c","Broadcast","802.11","110","Probe Request, SN=3885, FN=0, Flags=........C, SSID=NETIA-9E22D1"
"835713","6424.054706000","SamsungE_42:fb:85","Broadcast","802.11","129","Probe Request, SN=1604, FN=0, Flags=...P....C, SSID=Orange_Swiatlowod_3F30"
"835714","6424.060032000","SamsungE_42:fb:85","Broadcast","802.11","129","Probe Request, SN=1605, FN=0, Flags=...P....C, SSID=Orange_Swiatlowod_3F30"
"837923","6448.831817000","Google_3c:58:e0","Broadcast","802.11","92","Probe Request, SN=1625, FN=0, Flags=........C, SSID=Orange_Swiatlowod_700A"
"838351","6453.372073000","Apple_bf:50:1b","Broadcast","802.11","198","Probe Request, SN=3798, FN=0, Flags=........C, SSID=5G-Vectra-WiFi-511620"
"838354","6453.392255000","Apple_bf:50:1b","Broadcast","802.11","198","Probe Request, SN=3799, FN=0, Flags=........C, SSID=5G-Vectra-WiFi-511620"
"838357","6453.414897000","Apple_bf:50:1b","Broadcast","802.11","198","Probe Request, SN=3800, FN=0, Flags=........C, SSID=5G-Vectra-WiFi-511620"
"838361","6453.436356000","Apple_bf:50:1b","Broadcast","802.11","198","Probe Request, SN=3801, FN=0, Flags=........C, SSID=5G-Vectra-WiFi-511620"
"838362","6453.471090000","Apple_bf:50:1b","Broadcast","802.11","198","Probe Request, SN=3802, FN=0, Flags=........C, SSID=5G-Vectra-WiFi-511620"
"843544","6517.763722000","HonHaiPr_51:57:04","Broadcast","802.11","93","Probe Request, SN=3805, FN=0, Flags=........C, SSID=WLAN1-3TD9A9"
"843545","6517.774124000","HonHaiPr_51:57:04","Broadcast","802.11","93","Probe Request, SN=3806, FN=0, Flags=........C, SSID=WLAN1-3TD9A9"
"843546","6517.785543000","HonHaiPr_51:57:04","Broadcast","802.11","93","Probe Request, SN=3807, FN=0, Flags=........C, SSID=WLAN1-3TD9A9"
"843549","6517.795837000","HonHaiPr_51:57:04","Broadcast","802.11","93","Probe Request, SN=3808, FN=0, Flags=........C, SSID=WLAN1-3TD9A9"
"843550","6517.807377000","HonHaiPr_51:57:04","Broadcast","802.11","93","Probe Request, SN=3809, FN=0, Flags=........C, SSID=WLAN1-3TD9A9"
"843551","6517.817705000","HonHaiPr_51:57:04","Broadcast","802.11","93","Probe Request, SN=3810, FN=0, Flags=........C, SSID=WLAN1-3TD9A9"
"844799","6531.996382000","HonHaiPr_51:57:04","Broadcast","802.11","93","Probe Request, SN=3843, FN=0, Flags=........C, SSID=WLAN1-3TD9A9"
"844801","6532.006764000","HonHaiPr_51:57:04","Broadcast","802.11","93","Probe Request, SN=3844, FN=0, Flags=........C, SSID=WLAN1-3TD9A9"
"844804","6532.029665000","HonHaiPr_51:57:04","Broadcast","802.11","93","Probe Request, SN=3846, FN=0, Flags=........C, SSID=WLAN1-3TD9A9"
"844805","6532.039994000","HonHaiPr_51:57:04","Broadcast","802.11","93","Probe Request, SN=3847, FN=0, Flags=........C, SSID=WLAN1-3TD9A9"
"844806","6532.050382000","HonHaiPr_51:57:04","Broadcast","802.11","93","Probe Request, SN=3848, FN=0, Flags=........C, SSID=WLAN1-3TD9A9"
"845954","6545.820790000","Apple_bf:50:1b","Broadcast","802.11","198","Probe Request, SN=4074, FN=0, Flags=........C, SSID=5G-Vectra-WiFi-511620"
"845966","6545.845550000","Apple_bf:50:1b","Broadcast","802.11","198","Probe Request, SN=4076, FN=0, Flags=........C, SSID=5G-Vectra-WiFi-511620"
"845971","6545.879727000","Apple_bf:50:1b","Broadcast","802.11","198","Probe Request, SN=4078, FN=0, Flags=........C, SSID=5G-Vectra-WiFi-511620"
"845972","6545.881315000","Apple_bf:50:1b","Broadcast","802.11","198","Probe Request, SN=4079, FN=0, Flags=........C, SSID=5G-Vectra-WiFi-511620"
"848001","6570.397057000","HonHaiPr_51:57:04","Broadcast","802.11","93","Probe Request, SN=3877, FN=0, Flags=........C, SSID=WLAN1-3TD9A9"
"848002","6570.407295000","HonHaiPr_51:57:04","Broadcast","802.11","93","Probe Request, SN=3878, FN=0, Flags=........C, SSID=WLAN1-3TD9A9"
"848003","6570.418776000","HonHaiPr_51:57:04","Broadcast","802.11","93","Probe Request, SN=3879, FN=0, Flags=........C, SSID=WLAN1-3TD9A9"
"848006","6570.440569000","HonHaiPr_51:57:04","Broadcast","802.11","93","Probe Request, SN=3881, FN=0, Flags=........C, SSID=WLAN1-3TD9A9"
"848007","6570.450842000","HonHaiPr_51:57:04","Broadcast","802.11","93","Probe Request, SN=3882, FN=0, Flags=........C, SSID=WLAN1-3TD9A9"
"848890","6580.841887000","HonHaiPr_51:57:04","Broadcast","802.11","93","Probe Request, SN=3909, FN=0, Flags=........C, SSID=WLAN1-3TD9A9"
"848892","6580.852177000","HonHaiPr_51:57:04","Broadcast","802.11","93","Probe Request, SN=3910, FN=0, Flags=........C, SSID=WLAN1-3TD9A9"
"848895","6580.885418000","HonHaiPr_51:57:04","Broadcast","802.11","93","Probe Request, SN=3913, FN=0, Flags=........C, SSID=WLAN1-3TD9A9"
"848896","6580.895795000","HonHaiPr_51:57:04","Broadcast","802.11","93","Probe Request, SN=3914, FN=0, Flags=........C, SSID=WLAN1-3TD9A9"
"852697","6626.433130000","IntelCor_7a:be:4c","Broadcast","802.11","110","Probe Request, SN=316, FN=0, Flags=........C, SSID=NETIA-9E22D1"
"853376","6635.145235000","Google_35:cb:78","Broadcast","802.11","92","Probe Request, SN=2066, FN=0, Flags=........C, SSID=Orange_Swiatlowod_700A"
"856793","6682.939119000","Apple_cd:fc:8c","Broadcast","802.11","198","Probe Request, SN=177, FN=0, Flags=........C, SSID=5G-Vectra-WiFi-511620"
"856794","6682.964515000","Apple_cd:fc:8c","Broadcast","802.11","198","Probe Request, SN=178, FN=0, Flags=........C, SSID=5G-Vectra-WiFi-511620"
"857752","6696.153906000","IntelCor_7a:be:4c","Broadcast","802.11","110","Probe Request, SN=468, FN=0, Flags=........C, SSID=NETIA-9E22D1"
"862794","6765.684877000","IntelCor_7a:be:4c","Broadcast","802.11","110","Probe Request, SN=638, FN=0, Flags=........C, SSID=NETIA-9E22D1"
"865986","6793.840170000","HonHaiPr_51:57:04","Broadcast","802.11","93","Probe Request, SN=3973, FN=0, Flags=........C, SSID=WLAN1-3TD9A9"
"865987","6793.850575000","HonHaiPr_51:57:04","Broadcast","802.11","93","Probe Request, SN=3974, FN=0, Flags=........C, SSID=WLAN1-3TD9A9"
"865990","6793.883817000","HonHaiPr_51:57:04","Broadcast","802.11","93","Probe Request, SN=3977, FN=0, Flags=........C, SSID=WLAN1-3TD9A9"
"865992","6793.894502000","HonHaiPr_51:57:04","Broadcast","802.11","93","Probe Request, SN=3978, FN=0, Flags=........C, SSID=WLAN1-3TD9A9"
"866776","6798.854006000","HonHaiPr_51:57:04","Broadcast","802.11","93","Probe Request, SN=4005, FN=0, Flags=........C, SSID=WLAN1-3TD9A9"
"866777","6798.864369000","HonHaiPr_51:57:04","Broadcast","802.11","93","Probe Request, SN=4006, FN=0, Flags=........C, SSID=WLAN1-3TD9A9"
"866778","6798.875778000","HonHaiPr_51:57:04","Broadcast","802.11","93","Probe Request, SN=4007, FN=0, Flags=........C, SSID=WLAN1-3TD9A9"
"866781","6798.897592000","HonHaiPr_51:57:04","Broadcast","802.11","93","Probe Request, SN=4009, FN=0, Flags=........C, SSID=WLAN1-3TD9A9"
"866783","6798.907998000","HonHaiPr_51:57:04","Broadcast","802.11","93","Probe Request, SN=4010, FN=0, Flags=........C, SSID=WLAN1-3TD9A9"
"876560","6905.156269000","IntelCor_7a:be:4c","Broadcast","802.11","110","Probe Request, SN=999, FN=0, Flags=........C, SSID=NETIA-9E22D1"
"878627","6931.102179000","IntelCor_58:35:48","Broadcast","802.11","120","Probe Request, SN=8, FN=0, Flags=........C, SSID=Orange_Swiatlowod_79B8"
"878628","6931.103440000","IntelCor_58:35:48","Broadcast","802.11","120","Probe Request, SN=9, FN=0, Flags=........C, SSID=Orange_Swiatlowod_79B8"
"881275","6964.114146000","Google_45:c1:1b","Broadcast","802.11","92","Probe Request, SN=2074, FN=0, Flags=........C, SSID=Orange_Swiatlowod_700A"
"882470","6974.894143000","IntelCor_7a:be:4c","Broadcast","802.11","110","Probe Request, SN=1175, FN=0, Flags=........C, SSID=NETIA-9E22D1"
"882509","6975.098873000","IntelCor_7a:be:4c","Broadcast","802.11","110","Probe Request, SN=1186, FN=0, Flags=........C, SSID=NETIA-9E22D1"
"884350","6996.173376000","Google_d6:00:63","Broadcast","802.11","92","Probe Request, SN=2082, FN=0, Flags=........C, SSID=Orange_Swiatlowod_700A"
"884355","6996.218534000","Google_d6:00:63","Broadcast","802.11","92","Probe Request, SN=2083, FN=0, Flags=........C, SSID=Orange_Swiatlowod_700A"
"884571","6998.652698000","IntelCor_58:35:48","Broadcast","802.11","120","Probe Request, SN=39, FN=0, Flags=........C, SSID=Orange_Swiatlowod_79B8"
"884695","6999.671822000","Google_99:8f:cf","Broadcast","802.11","92","Probe Request, SN=2090, FN=0, Flags=........C, SSID=Orange_Swiatlowod_700A"
"884698","6999.716163000","Google_99:8f:cf","Broadcast","802.11","92","Probe Request, SN=2091, FN=0, Flags=........C, SSID=Orange_Swiatlowod_700A"
"884709","6999.906220000","Google_88:e9:c1","Broadcast","802.11","96","Probe Request, SN=2094, FN=0, Flags=........., SSID=Orange_Swiatlowod_700A[Malformed Packet]"
"884712","6999.946613000","Google_88:e9:c1","Broadcast","802.11","92","Probe Request, SN=2095, FN=0, Flags=........C, SSID=Orange_Swiatlowod_700A"
"888676","7044.639362000","IntelCor_7a:be:4c","Broadcast","802.11","110","Probe Request, SN=1322, FN=0, Flags=........C, SSID=NETIA-9E22D1"
"896238","7135.350809000","Apple_bf:50:1b","Broadcast","802.11","198","Probe Request, SN=186, FN=0, Flags=........C, SSID=5G-Vectra-WiFi-511620"
"896239","7135.361062000","Apple_bf:50:1b","Broadcast","802.11","198","Probe Request, SN=187, FN=0, Flags=........C, SSID=5G-Vectra-WiFi-511620"
"896244","7135.398682000","Apple_bf:50:1b","Broadcast","802.11","198","Probe Request, SN=190, FN=0, Flags=........C, SSID=5G-Vectra-WiFi-511620"
"896305","7135.987192000","IntelCor_58:35:48","Broadcast","802.11","120","Probe Request, SN=127, FN=0, Flags=........C, SSID=Orange_Swiatlowod_79B8"
"898838","7165.989546000","Apple_bf:50:1b","Broadcast","802.11","198","Probe Request, SN=370, FN=0, Flags=........C, SSID=5G-Vectra-WiFi-511620"
"898841","7166.007284000","Apple_bf:50:1b","Broadcast","802.11","198","Probe Request, SN=371, FN=0, Flags=........C, SSID=5G-Vectra-WiFi-511620"
"898842","7166.026625000","Apple_bf:50:1b","Broadcast","802.11","198","Probe Request, SN=372, FN=0, Flags=........C, SSID=5G-Vectra-WiFi-511620"
"900665","7184.099264000","IntelCor_7a:be:4c","Broadcast","802.11","110","Probe Request, SN=1616, FN=0, Flags=........C, SSID=NETIA-9E22D1"
"908713","7253.630461000","IntelCor_7a:be:4c","Broadcast","802.11","110","Probe Request, SN=1775, FN=0, Flags=........C, SSID=NETIA-9E22D1"
"909157","7257.966241000","Apple_bf:50:1b","Broadcast","802.11","198","Probe Request, SN=396, FN=0, Flags=........C, SSID=5G-Vectra-WiFi-511620"
"909160","7257.979711000","Apple_bf:50:1b","Broadcast","802.11","198","Probe Request, SN=397, FN=0, Flags=........C, SSID=5G-Vectra-WiFi-511620"
"909162","7258.001672000","Apple_bf:50:1b","Broadcast","802.11","198","Probe Request, SN=398, FN=0, Flags=........C, SSID=5G-Vectra-WiFi-511620"
"909164","7258.052392000","Apple_bf:50:1b","Broadcast","802.11","198","Probe Request, SN=400, FN=0, Flags=........C, SSID=5G-Vectra-WiFi-511620"
"909168","7258.072054000","Apple_bf:50:1b","Broadcast","802.11","198","Probe Request, SN=401, FN=0, Flags=........C, SSID=5G-Vectra-WiFi-511620"
"917298","7322.092594000","SamsungE_b3:5d:f0","Broadcast","802.11","217","Probe Request, SN=4095, FN=0, Flags=........C, SSID=2.4G-Vectra-WiFi-511620"
"917307","7322.105549000","SamsungE_b3:5d:f0","Broadcast","802.11","217","Probe Request, SN=0, FN=0, Flags=........C, SSID=2.4G-Vectra-WiFi-511620"
"917320","7322.131615000","SamsungE_b3:5d:f0","Broadcast","802.11","217","Probe Request, SN=2, FN=0, Flags=........C, SSID=2.4G-Vectra-WiFi-511620"
"917326","7322.151934000","SamsungE_b3:5d:f0","Broadcast","802.11","217","Probe Request, SN=3, FN=0, Flags=........C, SSID=2.4G-Vectra-WiFi-511620"
"917333","7322.173451000","SamsungE_b3:5d:f0","Broadcast","802.11","217","Probe Request, SN=4, FN=0, Flags=........C, SSID=2.4G-Vectra-WiFi-511620"
"917337","7322.193693000","SamsungE_b3:5d:f0","Broadcast","802.11","217","Probe Request, SN=5, FN=0, Flags=........C, SSID=2.4G-Vectra-WiFi-511620"
"917508","7323.376110000","IntelCor_7a:be:4c","Broadcast","802.11","110","Probe Request, SN=1916, FN=0, Flags=........C, SSID=NETIA-9E22D1"
"917546","7323.571362000","IntelCor_7a:be:4c","Broadcast","802.11","110","Probe Request, SN=1927, FN=0, Flags=........C, SSID=NETIA-9E22D1"
"919738","7341.835053000","IntelCor_58:35:48","Broadcast","802.11","120","Probe Request, SN=229, FN=0, Flags=........C, SSID=Orange_Swiatlowod_79B8"
"922094","7367.646530000","Apple_cd:fc:8c","Broadcast","802.11","198","Probe Request, SN=199, FN=0, Flags=........C, SSID=5G-Vectra-WiFi-511620"
"922095","7367.648140000","Apple_cd:fc:8c","Broadcast","802.11","198","Probe Request, SN=200, FN=0, Flags=........C, SSID=5G-Vectra-WiFi-511620"
"922096","7367.657044000","Apple_cd:fc:8c","Broadcast","802.11","198","Probe Request, SN=201, FN=0, Flags=........C, SSID=5G-Vectra-WiFi-511620"
"922099","7367.682035000","Apple_cd:fc:8c","Broadcast","802.11","198","Probe Request, SN=202, FN=0, Flags=........C, SSID=5G-Vectra-WiFi-511620"
"922100","7367.701955000","Apple_cd:fc:8c","Broadcast","802.11","198","Probe Request, SN=203, FN=0, Flags=........C, SSID=5G-Vectra-WiFi-511620"
"926671","7392.707002000","Routerbo_44:34:48","Broadcast","802.11","81","Probe Request, SN=0, FN=0, Flags=........C, SSID=MZA_WLAN_RX"
"926672","7392.707514000","Routerbo_44:34:48","Broadcast","802.11","81","Probe Request, SN=1, FN=0, Flags=........C, SSID=MZA_WLAN_RX"
"926673","7392.708279000","Routerbo_44:34:48","Broadcast","802.11","81","Probe Request, SN=2, FN=0, Flags=........C, SSID=MZA_WLAN_RX"
"928099","7395.717254000","Routerbo_44:34:48","Broadcast","802.11","81","Probe Request, SN=0, FN=0, Flags=........C, SSID=MZA_WLAN_RX"
"928100","7395.718000000","Routerbo_44:34:48","Broadcast","802.11","81","Probe Request, SN=1, FN=0, Flags=........C, SSID=MZA_WLAN_RX"
"928101","7395.718796000","Routerbo_44:34:48","Broadcast","802.11","81","Probe Request, SN=2, FN=0, Flags=........C, SSID=MZA_WLAN_RX"
"928807","7401.105904000","Apple_bf:50:1b","Broadcast","802.11","198","Probe Request, SN=448, FN=0, Flags=........C, SSID=5G-Vectra-WiFi-511620"
"928828","7401.125980000","Apple_bf:50:1b","Broadcast","802.11","198","Probe Request, SN=449, FN=0, Flags=........C, SSID=5G-Vectra-WiFi-511620"
"928916","7401.195438000","Apple_bf:50:1b","Broadcast","802.11","198","Probe Request, SN=452, FN=0, Flags=........C, SSID=5G-Vectra-WiFi-511620"
"930399","7410.604545000","IntelCor_58:35:48","Broadcast","802.11","120","Probe Request, SN=267, FN=0, Flags=........C, SSID=Orange_Swiatlowod_79B8"
"936481","7462.845121000","IntelCor_7a:be:4c","Broadcast","802.11","110","Probe Request, SN=2284, FN=0, Flags=........C, SSID=NETIA-9E22D1"
"936541","7463.042842000","IntelCor_7a:be:4c","Broadcast","802.11","110","Probe Request, SN=2295, FN=0, Flags=........C, SSID=NETIA-9E22D1"
"938711","7479.324945000","IntelCor_58:35:48","Broadcast","802.11","120","Probe Request, SN=317, FN=0, Flags=........C, SSID=Orange_Swiatlowod_79B8"
"946277","7532.589904000","IntelCor_7a:be:4c","Broadcast","802.11","110","Probe Request, SN=2470, FN=0, Flags=........C, SSID=NETIA-9E22D1"
"948277","7548.031983000","IntelCor_58:35:48","Broadcast","802.11","120","Probe Request, SN=351, FN=0, Flags=........C, SSID=Orange_Swiatlowod_79B8"
